{"Euclidean Distance": {"rmse": [1.0148288103204315, 1.1169536903418118, 1.0018018375304494, 1.0500642976443826, 0.9943954321716042, 1.016144035751086, 0.9792941415143118], "mae": [0.7118779822237822, 0.832019357220029, 0.7578168373878789, 0.7931249471550587, 0.7538934862268301, 0.7768223285928969, 0.7543669125923722]}}