{
    "chinese educationalgraph": {
        "WeightedAvgRMSE": 1.0032285714285714,
        "WeightedAvgMAE": 0.7494047619047619
    }
}