{
    "chinese 2017 paper": {
        "WeightedAvgRMSE": 0.9322556523953041,
        "WeightedAvgMAE": 0.7624271802162373
    }
}