{
    "chinese cf": {
        "WeightedAvgRMSE": 0.9169478210201234,
        "WeightedAvgMAE": 0.7536883463242658
    }
}