{
    "chinese_gnb": {
        "WeightedAvgRMSE": 1.0668809523809526,
        "WeightedAvgMAE": 0.747452380952381
    }
}