{
    "chinese_mnb": {
        "WeightedAvgRMSE": 1.2877619047619049,
        "WeightedAvgMAE": 1.0022619047619048
    }
}