{"Euclidean Distance": {"rmse": [1.0372250544359054, 1.2498385168166761, 1.0600154232682368, 1.1619002906376141, 1.1285752363490684, 1.1283420552155499, 1.0819678103669803], "mae": [0.7562535502800525, 0.963233087871586, 0.8138996834499126, 0.8985050774493167, 0.8724904137605085, 0.8736554558466829, 0.8489597859712639]}, "Jaccard Index": {"rmse": [0.9249735948469368, 1.0101878990887108, 0.970456411003743, 1.0233534569054832, 1.0300634934714814, 1.0615389259218564, 1.1339744027827716], "mae": [0.6375140842913654, 0.7415464611797263, 0.7093974773786321, 0.770830294638361, 0.7669666736698941, 0.7994870017422088, 0.895074207902134]}, "Pearson Correlation": {"rmse": [0.8840898111797871, 0.9661577408083697, 0.9207995499757848, 0.9761310603547798, 0.9566577271978833, 0.9686828634627447, 1.1113071309980251], "mae": [0.6196379780966751, 0.7212247599801626, 0.6855957344592422, 0.7462798794544938, 0.7282932649845878, 0.7518173379905152, 0.8738263296631001]}}