{"Euclidean Distance": {"rmse": [0.8754969800304012, 0.9508963152604543, 0.8971383428395278, 0.9235401261900955, 0.9265040191284926, 0.9320616394311724, 1.0255202680211812], "mae": [0.6129430490656549, 0.710023259386093, 0.6694766318820068, 0.7118744893429135, 0.7079669987765687, 0.7247386903743956, 0.7923460548181419]}, "Jaccard Index": {"rmse": [0.8754969800304012, 0.9508963152604543, 0.8971383428395278, 0.9235401261900955, 0.9265040191284926, 0.9320616394311724, 1.0255202680211812], "mae": [0.6129430490656549, 0.710023259386093, 0.6694766318820068, 0.7118744893429135, 0.7079669987765687, 0.7247386903743956, 0.7923460548181419]}, "Pearson Correlation": {"rmse": [0.8754969800304012, 0.9508963152604543, 0.8971383428395278, 0.9235401261900955, 0.9265040191284926, 0.9320616394311724, 1.0255202680211812], "mae": [0.6129430490656549, 0.710023259386093, 0.6694766318820068, 0.7118744893429135, 0.7079669987765687, 0.7247386903743956, 0.7923460548181419]}}